{"cameraMode":{"drawMode":0,"name":"Shaded","section":"Shading Mode"},"sceneLighting":false,"audioPlay":false,"sceneViewState":{"m_AlwaysRefresh":false,"showFog":true,"showSkybox":false,"showFlares":true,"showImageEffects":true,"showParticleSystems":true,"showVisualEffectGraphs":true,"m_FxEnabled":true},"in2DMode":false,"pivot":{"x":29.202072143554689,"y":19.243221282958986,"z":1.2002246379852296},"rotation":{"x":-0.27547311782836916,"y":0.6363228559494019,"z":-0.26129570603370669,"w":-0.6717185974121094},"size":1.2121758460998536,"orthographic":false}